{
  "arms": {
    "A": {
      "STAT6": {
        "fdr": 0.03125673957966862,
        "log2fc": -0.14246060918776418,
        "p": 0.0037553767373483126
      },
      "arm_call": "DOWN",
      "contrast": "baseline Lesion vs Non-Lesion, patient fixed effect; sensitivity Lesion vs Control",
      "dataset": "GSE330551",
      "lesion_vs_control_sensitivity": {
        "fdr": 0.6472969688386272,
        "log2fc": -0.10745824158235187,
        "p": 0.18483868090787178
      },
      "preflight": {
        "NAB2_resolved": "NAB2 row",
        "STAT6_resolved": "STAT6 row",
        "n_primary_samples": 57,
        "n_samples": 174
      },
      "primary": {
        "direction": "DOWN",
        "fdr": 0.001779325888375018,
        "gene": "NAB2",
        "log2fc": -0.32260621747365215,
        "p": 3.7870812419156215e-05
      },
      "reason": "primary baseline lesional-vs-nonlesional paired model",
      "type2_rho": {
        "fdr": 3.563683401794599e-06,
        "n": 174,
        "p": 3.563683401794599e-06,
        "rho": -0.34314758392892736
      },
      "type2_rho_three_scores": {
        "chemokine_receptor": {
          "fdr": 6.65807167499373e-07,
          "n": 174,
          "p": 6.65807167499373e-07,
          "rho": -0.3663145305959737
        },
        "detection_filtered": {
          "fdr": 3.563683401794599e-06,
          "n": 174,
          "p": 3.563683401794599e-06,
          "rho": -0.34314758392892736
        },
        "full": {
          "fdr": 3.632401058561175e-05,
          "n": 174,
          "p": 3.632401058561175e-05,
          "rho": -0.3076613798798371
        }
      },
      "type2_score": {
        "chemokine_receptor_genes_present": [
          "CCL17",
          "CCL22",
          "CCL26",
          "TSLP",
          "IL4R",
          "IL31"
        ],
        "detection_filtered_genes": [
          "IL13",
          "CCL17",
          "CCL22",
          "CCL26",
          "TSLP",
          "IL4R"
        ],
        "dropped_full": [],
        "full_genes_present": [
          "IL13",
          "IL4",
          "IL5",
          "IL31",
          "CCL17",
          "CCL22",
          "CCL26",
          "TSLP",
          "IL4R"
        ]
      }
    },
    "B": {
      "all_cytokine_contrasts": [
        {
          "STAT6": {
            "fdr": 0.9063756978546373,
            "log2fc": 0.008349788116167758,
            "p": 0.8568292795442292
          },
          "contrast": "IL4 vs Control",
          "direction": "NO-CALL",
          "fdr": 0.2507558506899635,
          "gene": "ENSG00000166886",
          "log2fc": -0.3286380548401077,
          "p": 0.009274081847743821,
          "type2_rho": {
            "fdr": 0.6396101242558595,
            "n": 25,
            "p": 0.6396101242558595,
            "rho": -0.09846153846153846
          },
          "type2_rho_three_scores": {
            "chemokine_receptor": {
              "fdr": 0.9708893714908722,
              "n": 25,
              "p": 0.9708893714908722,
              "rho": 0.007692307692307692
            },
            "detection_filtered": {
              "fdr": 0.6396101242558595,
              "n": 25,
              "p": 0.6396101242558595,
              "rho": -0.09846153846153846
            },
            "full": {
              "fdr": 0.19576896557659831,
              "n": 25,
              "p": 0.19576896557659831,
              "rho": -0.2676923076923077
            }
          }
        },
        {
          "STAT6": {
            "fdr": 0.7053346074258764,
            "log2fc": -0.04800250389208324,
            "p": 0.6232221096829365
          },
          "contrast": "IL13 vs Control",
          "direction": "NO-CALL",
          "fdr": 0.3886754233018789,
          "gene": "ENSG00000166886",
          "log2fc": -0.06733092268558971,
          "p": 0.27441563333903185,
          "type2_rho": {
            "fdr": 0.6396101242558595,
            "n": 25,
            "p": 0.6396101242558595,
            "rho": -0.09846153846153846
          },
          "type2_rho_three_scores": {
            "chemokine_receptor": {
              "fdr": 0.9708893714908722,
              "n": 25,
              "p": 0.9708893714908722,
              "rho": 0.007692307692307692
            },
            "detection_filtered": {
              "fdr": 0.6396101242558595,
              "n": 25,
              "p": 0.6396101242558595,
              "rho": -0.09846153846153846
            },
            "full": {
              "fdr": 0.19576896557659831,
              "n": 25,
              "p": 0.19576896557659831,
              "rho": -0.2676923076923077
            }
          }
        },
        {
          "STAT6": {
            "fdr": 0.7356716603659041,
            "log2fc": 0.03023930622102069,
            "p": 0.6182175914202267
          },
          "contrast": "IL4_IL13 vs Control",
          "direction": "NO-CALL",
          "fdr": 0.7295968465411129,
          "gene": "ENSG00000166886",
          "log2fc": -0.10869402611931997,
          "p": 0.6104134611804501,
          "type2_rho": {
            "fdr": 0.6396101242558595,
            "n": 25,
            "p": 0.6396101242558595,
            "rho": -0.09846153846153846
          },
          "type2_rho_three_scores": {
            "chemokine_receptor": {
              "fdr": 0.9708893714908722,
              "n": 25,
              "p": 0.9708893714908722,
              "rho": 0.007692307692307692
            },
            "detection_filtered": {
              "fdr": 0.6396101242558595,
              "n": 25,
              "p": 0.6396101242558595,
              "rho": -0.09846153846153846
            },
            "full": {
              "fdr": 0.19576896557659831,
              "n": 25,
              "p": 0.19576896557659831,
              "rho": -0.2676923076923077
            }
          }
        },
        {
          "STAT6": {
            "fdr": 0.972235104392474,
            "log2fc": 0.004314025843199974,
            "p": 0.9513361581204112
          },
          "contrast": "IL22 vs Control",
          "direction": "NO-CALL",
          "fdr": 0.9656014773833608,
          "gene": "ENSG00000166886",
          "log2fc": 0.012794000990759155,
          "p": 0.9411496332423183,
          "type2_rho": {
            "fdr": 0.6396101242558595,
            "n": 25,
            "p": 0.6396101242558595,
            "rho": -0.09846153846153846
          },
          "type2_rho_three_scores": {
            "chemokine_receptor": {
              "fdr": 0.9708893714908722,
              "n": 25,
              "p": 0.9708893714908722,
              "rho": 0.007692307692307692
            },
            "detection_filtered": {
              "fdr": 0.6396101242558595,
              "n": 25,
              "p": 0.6396101242558595,
              "rho": -0.09846153846153846
            },
            "full": {
              "fdr": 0.19576896557659831,
              "n": 25,
              "p": 0.19576896557659831,
              "rho": -0.2676923076923077
            }
          }
        }
      ],
      "arm_call": "NO-CALL",
      "contrast": "NativeSkin cytokine treatment vs paired control, donor fixed effect",
      "dataset": "GSE292848",
      "preflight": {
        "NAB2_resolved": "ENSG00000166886",
        "STAT6_resolved": "ENSG00000166888",
        "n_samples": 25
      },
      "primary": {
        "STAT6": {
          "fdr": 0.7356716603659041,
          "log2fc": 0.03023930622102069,
          "p": 0.6182175914202267
        },
        "contrast": "IL4_IL13 vs Control",
        "direction": "NO-CALL",
        "fdr": 0.7295968465411129,
        "gene": "ENSG00000166886",
        "log2fc": -0.10869402611931997,
        "p": 0.6104134611804501,
        "type2_rho": {
          "fdr": 0.6396101242558595,
          "n": 25,
          "p": 0.6396101242558595,
          "rho": -0.09846153846153846
        },